{
  "$schema": "http://echarts.baidu.com/doc/json-schem",
  "option": {
    "type": "Object",
    "properties": {
      "ECharts 特性介绍": {
        "type": [
          "*"
        ],
        "descriptionCN": "<p>ECharts，一个纯 Javascript 的图表库，可以流畅的运行在 PC 和移动设备上，兼容当前绝大部分浏览器（IE8/9/10/11，Chrome，Firefox，Safari等），底层依赖轻量级的 Canvas 类库 <a href=\"https://github.com/ecomfe/zrender\" target=\"_blank\">ZRender</a>，提供直观，生动，可交互，可高度个性化定制的数据可视化图表。</p>\n<p>ECharts 3 中更是加入了更多丰富的交互功能以及更多的可视化效果，并且对移动端做了深度的优化。</p>\n<h2 id=\"-\">丰富的图表类型</h2>\n<p>ECharts 提供了常规的<a href=\"option.html#series-line\" target=\"_blank\">折线图</a>，<a href=\"option.html#series-line\" target=\"_blank\">柱状图</a>，<a href=\"option.html#series-scatter\" target=\"_blank\">散点图</a>，<a href=\"#option.html#series-pie\">饼图</a>，<a href=\"option.html#series-candlestick\" target=\"_blank\">K线图</a>，用于统计的<a href=\"option.html#series-boxplot\" target=\"_blank\">盒形图</a>，用于地理数据可视化的<a href=\"option.html#series-map\" target=\"_blank\">地图</a>，<a href=\"option.html#series-heatmap\" target=\"_blank\">热力图</a>，<a href=\"option.html#series-lines\" target=\"_blank\">线图</a>，用于关系数据可视化的<a href=\"option.html#series-graph\" target=\"_blank\">关系图</a>，<a href=\"option.html#series-treemap\" target=\"_blank\">treemap</a>，多维数据可视化的<a href=\"option.html#series-parallel\" target=\"_blank\">平行坐标</a>，还有用于 BI 的<a href=\"option.html#series-funnel\" target=\"_blank\">漏斗图</a>，<a href=\"option.html#series-gauge\" target=\"_blank\">仪表盘</a>，并且支持图与图之间的混搭。</p>\n<p>你可以在下载界面下载包含所有图表的构建文件，如果只是需要其中一两个图表，又嫌包含所有图表的构建文件太大，也可以在在线构建中选择需要的图表类型后自定义构建。</p>\n<h2 id=\"-\">多个坐标系的支持</h2>\n<p>ECharts 3 开始独立出了“坐标系”的概念，支持了直角坐标系（catesian，同 grid）、极坐标系（polar）、地理坐标系（geo）。图表可以跨坐标系存在，例如折、柱、散点等图可以放在直角坐标系上，也可以放在极坐标系上，甚至可以放在地理坐标系中。</p>\n<p>下面是一个折线图在极坐标系上的例子：</p>\n<iframe data-src=\"http://echarts.baidu.com/gallery/view.html?c=line-polar2&reset=1&edit=1\" width=\"60%\" height=\"400\" ></iframe>\n\n\n<p>下面是一个散点图在地理坐标系上的例子：</p>\n<iframe data-src=\"http://echarts.baidu.com/gallery/view.html?c=scatter-map&reset=1&edit=1\" width=\"60%\" height=\"400\" ></iframe>\n\n\n\n<h2 id=\"-\">移动端的优化</h2>\n<p>流量珍贵的移动端需要图表库的体积尽量小。ECharts 和 ZRender 代码的重构，带来了核心部分体积的减小。ECharts 组件众多，并且后面会持续增加，我们提供了更细粒度的按需打包能力。最小体积缩小为 ECharts 2 的 40%。</p>\n<p>移动端交互也做了优化，例如移动端小屏上适于用手指在坐标系中进行缩放、平移。 PC 端也可以用鼠标在图中进行缩放（用鼠标滚轮）、平移，如下图：</p>\n<iframe data-src=\"http://echarts.baidu.com/gallery/view.html?c=area-simple&reset=1&edit=1\" width=\"60%\" height=\"400\" ></iframe>\n\n\n<h2 id=\"-\">深度的交互式数据探索</h2>\n<p>交互是从数据中发掘信息的重要手段。总览为先 缩放过滤 按需查看细节是数据可视化交互的基本需求。</p>\n<p>ECharts 一直在“交互”的路上前进，<a href=\"option.html#legend\" target=\"_blank\">legend</a> <a href=\"option.html#visualMap\" target=\"_blank\">visualMap</a> <a href=\"option.html#dataZoom\" target=\"_blank\">dataZoom</a> <a href=\"option.html#tooltip\" target=\"_blank\">tooltip</a>等组件以及图表附带的漫游，选取等操作提供了数据筛取、视图缩放、展示细节等能力。</p>\n<p>ECharts 3 中，对这些组件进行了广泛增强，例如支持在数据的各种坐标轴、维度进行数据过滤、缩放，以及在更多的图中采用这些组件。比如下面这个例子</p>\n<iframe data-src=\"http://echarts.baidu.com/gallery/view.html?c=mix-zoom-on-value&reset=1&edit=1\" width=\"60%\" height=\"400\" ></iframe>\n\n\n<h2 id=\"-\">大数据量的展现</h2>\n<p>借助 Canvas 的能力，ECharts 在散点图中能够轻松展现上万甚至上十万的数据。</p>\n<p>下面的微博签到图中就展现了 100k+ 的签到数据。</p>\n<iframe data-src=\"http://echarts.baidu.com/gallery/view.html?c=scatter-weibo&reset=1&edit=1\" width=\"60%\" height=\"400\" ></iframe>\n\n\n<h2 id=\"-\">多维数据的支持以及丰富的视觉编码手段</h2>\n<p>ECharts 3 开始加强了对多维数据的支持，除了加入了平行坐标等常见的多维数据可视化工具外，对于传统的散点图等，传入的数据也可以是多个维度的，配合视觉映射组件 <a href=\"option.html#visualMap\" target=\"_blank\">visualMap</a> 提供的丰富的视觉编码，能够将不同维度的数据映射到颜色，大小，透明度，明暗度等不同的视觉通道。</p>\n<iframe data-src=\"http://echarts.baidu.com/gallery/view.html?c=scatter-aqi-color&reset=1&edit=1\" width=\"60%\" height=\"500\" ></iframe>\n\n\n<h2 id=\"-\">动态数据</h2>\n<p>ECharts 由数据驱动，数据的改变驱动图表展现的改变，因此动态数据的实现也变得异常简单，只需要获取数据，填入数据，ECharts 会找到两组数据之间的差异然后通过合适的动画去表现数据的变化。配合 <a href=\"option.html#timeline\" target=\"_blank\">timeline</a> 组件能够在更高的时间维度上去表现数据的信息。</p>\n<iframe data-src=\"http://echarts.baidu.com/gallery/view.html?c=scatter-life-expectancy-timeline&reset=1&edit=1\" width=\"60%\" height=\"400\" ></iframe>\n\n\n<h2 id=\"-\">绚丽的特效</h2>\n<p>ECharts 针对线数据，点数据等地理数据的可视化提供了吸引眼球的特效。</p>\n<iframe data-src=\"http://echarts.baidu.com/gallery/view.html?c=geo-lines&reset=1&edit=1\" width=\"60%\" height=\"400\" ></iframe>\n\n\n"
      },
      "5 分钟上手 ECharts": {
        "type": [
          "*"
        ],
        "descriptionCN": "<h2 id=\"-echarts\">获取 ECharts</h2>\n<p>你可以通过以下几种方式获取 ECharts。</p>\n<ol>\n<li><p>从<a href=\"http://echarts.baidu.com/download.html\" target=\"_blank\">官网下载界面</a>选择你需要的版本下载，根据开发者功能和体积上的需求，我们提供了不同打包的下载，如果你在体积上没有要求，可以直接<a href=\"http://echarts.baidu.com/dist/echarts.min.js\" target=\"_blank\">下载完整版本</a>。</p>\n</li>\n<li><p>在 ECharts 的 <a href=\"https://github.com/echarts\" target=\"_blank\">github</a> 上下载最新的 <code>release</code>，解压出来的文件夹里的 <code>dist</code> 目录里可以找到最新版本的 echarts 库。</p>\n</li>\n</ol>\n<h2 id=\"-echarts\">引入 ECharts</h2>\n<p>ECharts 3 开始不再强制使用 AMD 的方式按需引入，代码里也不再内置 AMD 加载器。因此引入方式简单了很多，只需要像普通的 JavaScript 库一样用 script 标签引入。</p>\n<pre><code class=\"lang-html\">&lt;!DOCTYPE html&gt;\n&lt;html&gt;\n&lt;header&gt;\n    &lt;meta charset=&quot;utf-8&quot;&gt;\n    &lt;!-- 引入 ECharts 文件 --&gt;\n    &lt;script src=&quot;echarts.min.js&quot;&gt;&lt;/script&gt;\n&lt;/header&gt;\n&lt;/html&gt;\n</code></pre>\n<h2 id=\"-\">绘制一个简单的图表</h2>\n<p>在绘图前我们需要为 ECharts 准备一个具备高宽的 dom 容器。</p>\n<pre><code>&lt;body&gt;\n    &lt;!-- 为 ECharts 准备一个具备大小（宽高）的Dom --&gt;\n    &lt;div id=&quot;main&quot; style=&quot;width: 600px;height:400px;&quot;&gt;&lt;/div&gt;\n&lt;/body&gt;\n</code></pre><p>然后就可以通过 <a href=\"api.html#echarts.init\" target=\"_blank\">echarts.init</a> 方法初始化一个 echarts 实例并通过 <a href=\"api.html#echartsInstance.setOption\" target=\"_blank\">setOption</a> 方法生成一个简单的柱状图，下面是完整代码。</p>\n<pre><code class=\"lang-html\">&lt;!DOCTYPE html&gt;\n&lt;html&gt;\n&lt;head&gt;\n    &lt;meta charset=&quot;utf-8&quot;&gt;\n    &lt;title&gt;ECharts&lt;/title&gt;\n    &lt;!-- 引入 echarts.js --&gt;\n    &lt;script src=&quot;echarts.js&quot;&gt;&lt;/script&gt;\n&lt;/head&gt;\n&lt;body&gt;\n    &lt;!-- 为ECharts准备一个具备大小（宽高）的Dom --&gt;\n    &lt;div id=&quot;main&quot; style=&quot;width: 600px;height:400px;&quot;&gt;&lt;/div&gt;\n    &lt;script type=&quot;text/javascript&quot;&gt;\n        // 基于准备好的dom，初始化echarts实例\n        var myChart = echarts.init(document.getElementById(&#39;main&#39;));\n\n        // 指定图表的配置项和数据\n        var option = {\n            title: {\n                text: &#39;ECharts 入门示例&#39;\n            },\n            tooltip: {},\n            legend: {\n                data:[&#39;销量&#39;]\n            },\n            xAxis: {\n                data: [&quot;衬衫&quot;,&quot;羊毛衫&quot;,&quot;雪纺衫&quot;,&quot;裤子&quot;,&quot;高跟鞋&quot;,&quot;袜子&quot;]\n            },\n            yAxis: {},\n            series: [{\n                name: &#39;销量&#39;,\n                type: &#39;bar&#39;,\n                data: [5, 20, 36, 10, 10, 20]\n            }]\n        };\n\n        // 使用刚指定的配置项和数据显示图表。\n        myChart.setOption(option);\n    &lt;/script&gt;\n&lt;/body&gt;\n&lt;/html&gt;\n</code></pre>\n<p>这样你的第一个图表就诞生了！</p>\n<iframe data-src=\"http://echarts.baidu.com/gallery/view.html?c=doc-example/getting-started&reset=1&edit=1\" width=\"600\" height=\"300\" ></iframe>\n\n\n<p>你也可以直接进入 <a href=\"http://echarts.baidu.com/gallery/editor.html?c=doc-example/getting-started\" target=\"_blank\">ECharts Gallery</a> 中查看编辑示例</p>\n"
      },
      "在 webpack 中使用 ECharts": {
        "type": [
          "*"
        ],
        "descriptionCN": "<p><a href=\"https://webpack.github.io/\" target=\"_blank\">Webpack</a> 是目前比较流行的模块打包工具，你可以在使用 webpack 的项目中轻松的引入和打包 echarts，这里假设你已经对 webpack 具有一定的了解并且在自己的项目中使用。</p>\n<h2 id=\"npm-echarts\">npm 安装 ECharts</h2>\n<p>在 <code>3.1.1</code> 版本之前 echarts 在 npm 上的 package 是非官方维护的，从 <code>3.1.1</code> 开始由官方 <a href=\"https://github.com/ecomfe/\" target=\"_blank\">EFE</a> 维护 npm 上 echarts 和 zrender 的 package。</p>\n<p>你可以使用如下命令通过 npm 安装 echarts</p>\n<pre><code class=\"lang-shell\">npm install echarts --save\n</code></pre>\n<h2 id=\"-echarts\">引入 ECharts</h2>\n<p>通过 npm 上安装的 echarts 和 zrender 会放在<code>node_modules</code>目录下。可以直接在项目代码中 <code>require(&#39;echarts&#39;)</code> 得到 echarts。</p>\n<pre><code class=\"lang-js\">var echarts = require(&#39;echarts&#39;);\n\n// 基于准备好的dom，初始化echarts实例\nvar myChart = echarts.init(document.getElementById(&#39;main&#39;));\n// 绘制图表\nmyChart.setOption({\n    title: { text: &#39;ECharts 入门示例&#39; },\n    tooltip: {},\n    xAxis: {\n        data: [&quot;衬衫&quot;,&quot;羊毛衫&quot;,&quot;雪纺衫&quot;,&quot;裤子&quot;,&quot;高跟鞋&quot;,&quot;袜子&quot;]\n    },\n    yAxis: {},\n    series: [{\n        name: &#39;销量&#39;,\n        type: &#39;bar&#39;,\n        data: [5, 20, 36, 10, 10, 20]\n    }]\n});\n</code></pre>\n<h2 id=\"-echarts-\">按需引入 ECharts 图表和组件</h2>\n<p>默认使用 <code>require(&#39;echarts&#39;)</code> 得到的是已经加载了所有图表和组件的 echarts 包，因此体积会比较大，如果在项目中对体积要求比较苛刻，也可以只按需引入需要的模块。</p>\n<p>例如上面示例代码中只用到了柱状图，提示框和标题组件，因此在引入的时候也只需要引入这些模块，可以有效的将打包后的体积从 400 多 KB 减小到 170 多 KB。</p>\n<pre><code class=\"lang-js\">// 引入 ECharts 主模块\nvar echarts = require(&#39;echarts/lib/echarts&#39;);\n// 引入柱状图\nrequire(&#39;echarts/lib/chart/bar&#39;);\n// 引入绘制直角坐标系需要的 Grid 组件\nrequire(&#39;echarts/lib/component/grid&#39;);\n// 引入提示框和标题组件\nrequire(&#39;echarts/lib/component/tooltip&#39;);\nrequire(&#39;echarts/lib/component/title&#39;);\n\n// 基于准备好的dom，初始化echarts实例\nvar myChart = echarts.init(document.getElementById(&#39;main&#39;));\n// 绘制图表\nmyChart.setOption({\n    title: { text: &#39;ECharts 入门示例&#39; },\n    tooltip: {},\n    xAxis: {\n        data: [&quot;衬衫&quot;,&quot;羊毛衫&quot;,&quot;雪纺衫&quot;,&quot;裤子&quot;,&quot;高跟鞋&quot;,&quot;袜子&quot;]\n    },\n    yAxis: {},\n    series: [{\n        name: &#39;销量&#39;,\n        type: &#39;bar&#39;,\n        data: [5, 20, 36, 10, 10, 20]\n    }]\n});\n</code></pre>\n<p>对于另一个流行的模块打包工具 <a href=\"http://browserify.org/\" target=\"_blank\">browserify</a> 也是同样的用法，这里就不赘述了。</p>\n"
      },
      "个性化图表的样式": {
        "type": [
          "*"
        ],
        "descriptionCN": "<p>ECharts 提供了丰富的自定义配置选项，并且能够从全局、系列、数据三个层级去设置数据图形的样式。下面我们来看如何使用 ECharts 实现下面这个南丁格尔图：</p>\n<iframe data-src=\"http://echarts.baidu.com/gallery/view.html?c=doc-example/tutorial-styling-step5&edit=1&reset=1\" width=\"500\" height=\"400\" ></iframe>\n\n\n<h2 id=\"-\">绘制南丁格尔图</h2>\n<p><a href=\"#getting-started\">上一篇中</a>讲了如何绘制一个简单的柱状图，这次要画的是饼图，饼图主要是通过扇形的弧度表现不同类目的数据在总和中的占比，它的数据格式比柱状图更简单，只有一维的数值，不需要给类目。因为不在直角坐标系上，所以也不需要<code>xAxis</code>，<code>yAxis</code>。</p>\n<pre><code class=\"lang-js\">myChart.setOption({\n    series : [\n        {\n            name: &#39;访问来源&#39;,\n            type: &#39;pie&#39;,\n            radius: &#39;55%&#39;,\n            data:[\n                {value:400, name:&#39;搜索引擎&#39;},\n                {value:335, name:&#39;直接访问&#39;},\n                {value:310, name:&#39;邮件营销&#39;},\n                {value:274, name:&#39;联盟广告&#39;},\n                {value:235, name:&#39;视频广告&#39;}\n            ]\n        }\n    ]\n})\n</code></pre>\n<p>上面代码就能画出一个简单的饼图：</p>\n<iframe data-src=\"http://echarts.baidu.com/gallery/view.html?c=doc-example/tutorial-styling-step0&edit=1&reset=1\" width=\"400\" height=\"300\" ></iframe>\n\n\n<p>这里<code>data</code>属性值不像入门教程里那样每一项都是单个数值，而是一个包含 <code>name</code> 和 <code>value</code> 属性的对象，ECharts 中的数据项都是既可以只设成数值，也可以设成一个包含有名称、该数据图形的样式配置、标签配置的对象，具体见 <a href=\"option.html#series-pie.data\" target=\"_blank\">data</a> 文档。</p>\n<p>ECharts 中的<a href=\"option.html#series-pie\" target=\"_blank\">饼图</a>也支持通过设置 <a href=\"option.html#series-pie.roseType\" target=\"_blank\">roseType</a> 显示成南丁格尔图。</p>\n<pre><code class=\"lang-js\">roseType: &#39;angle&#39;\n</code></pre>\n<p>南丁格尔图会通过半径表示数据的大小。</p>\n<iframe data-src=\"http://echarts.baidu.com/gallery/view.html?c=doc-example/tutorial-styling-step1&edit=1&reset=1\" width=\"400\" height=\"300\" ></iframe>\n\n\n<h2 id=\"-\">阴影的配置</h2>\n<p>ECharts 中有一些通用的样式，诸如阴影、透明度、颜色、边框颜色、边框宽度等，这些样式一般都会在系列的 <a href=\"#series-pie.itemStyle\">itemStyle</a> 里设置。例如阴影的样式可以通过下面几个配置项设置：</p>\n<pre><code class=\"lang-js\">itemStyle: {\n    normal: {\n        // 阴影的大小\n        shadowBlur: 200,\n        // 阴影水平方向上的偏移\n        shadowOffsetX: 0,\n        // 阴影垂直方向上的偏移\n        shadowOffsetY: 0,\n        // 阴影颜色\n        shadowColor: &#39;rgba(0, 0, 0, 0.5)&#39;\n    }\n}\n</code></pre>\n<p>加上阴影后的效果：</p>\n<iframe data-src=\"http://echarts.baidu.com/gallery/view.html?c=doc-example/tutorial-styling-step2&edit=1&reset=1\" width=\"400\" height=\"300\" ></iframe>\n\n\n<p><code>itemStyle</code>都会有<code>normal</code>和<code>emphasis</code>两个选项，<code>normal</code>选项是正常展示下的样式，<code>emphasis</code>是鼠标 hover 时候的高亮样式。这个示例里是正常的样式下加阴影，但是可能更多的时候是 hover 的时候通过阴影突出。</p>\n<pre><code class=\"lang-js\">itemStyle: {\n    emphasis: {\n        shadowBlur: 200,\n        shadowColor: &#39;rgba(0, 0, 0, 0.5)&#39;\n    }\n}\n</code></pre>\n<h2 id=\"-\">深色背景和浅色标签</h2>\n<p>现在我们需要把整个主题改成开始的示例中那样的深色主题，这就需要改背景色和文本颜色。</p>\n<p>背景色是全局的，所以直接在 option 下设置 <a href=\"option.html#backgroundColor\" target=\"_blank\">backgroundColor</a></p>\n<pre><code class=\"lang-js\">setOption({\n    backgroundColor: &#39;#2c343c&#39;\n})\n</code></pre>\n<p>文本的样式可以设置全局的 <a href=\"option.html#textStyle\" target=\"_blank\">textStyle</a>。</p>\n<pre><code class=\"lang-js\">setOption({\n    textStyle: {\n        color: &#39;rgba(255, 255, 255, 0.3)&#39;\n    }\n})\n</code></pre>\n<p>也可以每个系列分别设置，每个系列的文本设置在 <a href=\"option.html#series-pie.label.normal.textStyle\" target=\"_blank\">label.normal.textStyle</a>。</p>\n<pre><code class=\"lang-js\">label: {\n    normal: {\n        textStyle: {\n            color: &#39;rgba(255, 255, 255, 0.3)&#39;\n        }\n    }\n}\n</code></pre>\n<p>饼图的话还要将标签的视觉引导线的颜色设为浅色。</p>\n<pre><code class=\"lang-js\">labelLine: {\n    normal: {\n        lineStyle: {\n            color: &#39;rgba(255, 255, 255, 0.3)&#39;\n        }\n    }\n}\n</code></pre>\n<p>如下：</p>\n<iframe data-src=\"http://echarts.baidu.com/gallery/view.html?c=doc-example/tutorial-styling-step3&edit=1&reset=1\" width=\"400\" height=\"300\" ></iframe>\n\n\n<p>跟<code>itemStyle</code>一样，<code>label</code>和<code>labelLine</code>的样式也有<code>normal</code>和<code>emphasis</code>两个状态。</p>\n<h2 id=\"-\">设置扇形的颜色</h2>\n<p>扇形的颜色也是在 itemStyle 中设置：</p>\n<pre><code class=\"lang-js\">itemStyle: {\n    normal: {\n        // 设置扇形的颜色\n        color: &#39;#c23531&#39;,\n        shadowBlur: 200,\n        shadowColor: &#39;rgba(0, 0, 0, 0.5)&#39;\n    }\n}\n</code></pre>\n<iframe data-src=\"http://echarts.baidu.com/gallery/view.html?c=doc-example/tutorial-styling-step4&edit=1&reset=1\" width=\"400\" height=\"300\" ></iframe>\n\n\n<p>跟我们要实现的效果已经挺像了，除了每个扇形的颜色，效果中阴影下面的扇形颜色更深，有种光线被遮住的感觉，从而会出现层次感和空间感。</p>\n<p>ECharts 中每个扇形颜色的可以通过分别设置 data 下的数据项实现。</p>\n<pre><code class=\"lang-js\">data: [{\n    value:400,\n    name:&#39;搜索引擎&#39;,\n    itemStyle: {\n        normal: {\n            color: &#39;c23531&#39;\n        }\n    }\n}, ...]\n</code></pre>\n<p>但是这次因为只有明暗度的变化，所以有一种更快捷的方式是通过 <a href=\"#option.html#visualMap\">visualMap</a> 组件将数值的大小映射到明暗度。</p>\n<pre><code class=\"lang-js\">visualMap: {\n    // 不显示 visualMap 组件，只用于明暗度的映射\n    show: false,\n    // 映射的最小值为 80\n    min: 80,\n    // 映射的最大值为 600\n    max: 600,\n    inRange: {\n        // 明暗度的范围是 0 到 1\n        colorLightness: [0, 1]\n    }\n}\n</code></pre>\n<p>最终效果：</p>\n<iframe data-src=\"http://echarts.baidu.com/gallery/view.html?c=doc-example/tutorial-styling-step5&edit=1&reset=1\" width=\"500\" height=\"400\" ></iframe>\n\n\n\n\n\n"
      },
      "异步数据加载和更新": {
        "type": [
          "*"
        ],
        "descriptionCN": "<h2 id=\"-\">异步加载</h2>\n<p><a href=\"#getting-started\">入门示例</a>中的数据是在初始化后<code>setOption</code>中直接填入的，但是很多时候可能数据需要异步加载后再填入。<code>ECharts</code> 中实现异步数据的更新非常简单，在图表初始化后不管任何时候只要通过 jQuery 等工具异步获取数据后通过 <code>setOption</code> 填入数据和配置项就行。</p>\n<pre><code class=\"lang-js\">var myChart = echarts.init(document.getElementById(&#39;main&#39;));\n\n$.get(&#39;data.json&#39;).done(function (data) {\n    myChart.setOption({\n        title: {\n            text: &#39;异步数据加载示例&#39;\n        },\n        tooltip: {},\n        legend: {\n            data:[&#39;销量&#39;]\n        },\n        xAxis: {\n            data: [&quot;衬衫&quot;,&quot;羊毛衫&quot;,&quot;雪纺衫&quot;,&quot;裤子&quot;,&quot;高跟鞋&quot;,&quot;袜子&quot;]\n        },\n        yAxis: {},\n        series: [{\n            name: &#39;销量&#39;,\n            type: &#39;bar&#39;,\n            data: [5, 20, 36, 10, 10, 20]\n        }]\n    });\n});\n</code></pre>\n<p>或者先设置完其它的样式，显示一个空的直角坐标轴，然后获取数据后填入数据。</p>\n<pre><code class=\"lang-js\">var myChart = echarts.init(document.getElementById(&#39;main&#39;));\n// 显示标题，图例和空的坐标轴\nmyChart.setOption({\n    title: {\n        text: &#39;异步数据加载示例&#39;\n    },\n    tooltip: {},\n    legend: {\n        data:[&#39;销量&#39;]\n    },\n    xAxis: {\n        data: []\n    },\n    yAxis: {},\n    series: [{\n        name: &#39;销量&#39;,\n        type: &#39;bar&#39;,\n        data: []\n    }]\n});\n\n// 异步加载数据\n$.get(&#39;data.json&#39;).done(function (data) {\n    // 填入数据\n    myChart.setOption({\n        xAxis: {\n            data: data.categories\n        },\n        series: [{\n            // 根据名字对应到相应的系列\n            name: &#39;销量&#39;,\n            data: data.data\n        }]\n    });\n});\n</code></pre>\n<p>如下：</p>\n<iframe data-src=\"http://echarts.baidu.com/gallery/view.html?c=doc-example/tutorial-async&edit=1&reset=1\" width=\"400\" height=\"300\" ></iframe>\n\n\n<p>ECharts 中在更新数据的时候需要通过<code>name</code>属性对应到相应的系列，上面示例中如果 <code>name</code>不存在也可以根据系列的顺序正常更新，但是更多时候推荐更新数据的时候加上系列的<code>name</code>数据。</p>\n<h2 id=\"loading-\">loading 动画</h2>\n<p>如果数据加载时间较长，一个空的坐标轴放在画布上也会让用户觉得是不是产生 bug 了，因此需要一个 loading 的动画来提示用户数据正在加载。</p>\n<p>ECharts 默认有提供了一个简单的加载动画。只需要调用 <a href=\"api.html#echartsInstance.showLoading\" target=\"_blank\">showLoading</a> 方法显示。数据加载完成后再调用 <a href=\"api.html#echartsInstance.hideLoading\" target=\"_blank\">hideLoading</a> 方法隐藏加载动画。</p>\n<pre><code class=\"lang-js\">myChart.showLoading();\n$.get(&#39;data.json&#39;).done(function (data) {\n    myChart.hideLoading();\n    myChart.setOption(...);\n});\n</code></pre>\n<p>效果如下：</p>\n<iframe data-src=\"http://echarts.baidu.com/gallery/view.html?c=doc-example/tutorial-loading&edit=1&reset=1\" width=\"400\" height=\"300\" ></iframe>\n\n\n<h2 id=\"-\">数据的动态更新</h2>\n<p>ECharts 由数据驱动，数据的改变驱动图表展现的改变，因此动态数据的实现也变得异常简单。</p>\n<p>所有数据的更新都通过 <a href=\"#api.html#echartsInstance.setOption\">setOption</a>实现，你只需要定时获取数据，<a href=\"#api.html#echartsInstance.setOption\">setOption</a> 填入数据，而不用考虑数据到底产生了那些变化，ECharts 会找到两组数据之间的差异然后通过合适的动画去表现数据的变化。</p>\n<blockquote>\n<p>ECharts 3 中移除了 ECharts 2 中的 addData 方法。如果只需要加入单个数据，可以先 data.push(value) 后 setOption</p>\n</blockquote>\n<p>具体可以看下面示例：</p>\n<iframe data-src=\"http://echarts.baidu.com/gallery/view.html?c=doc-example/tutorial-dynamic-data&edit=1&reset=1\" width=\"400\" height=\"300\" ></iframe>\n\n\n\n"
      },
      "在图表中加入交互组件": {
        "type": [
          "*"
        ],
        "descriptionCN": "<p>除了图表外 ECharts 中，提供了很多交互组件。例如：</p>\n<p><code>图例组件</code> <a href=\"option.html#legend\" target=\"_blank\">legend</a>、<code>标题组件</code> <a href=\"option.html#title\" target=\"_blank\">title</a>、<code>视觉映射组件</code> <a href=\"option.html#visualMap\" target=\"_blank\">visualMap</a>、<code>数据区域缩放组件</code> <a href=\"option.html#dataZoom\" target=\"_blank\">dataZoom</a>、<code>时间线组件</code> <a href=\"option.html#timeline\" target=\"_blank\">timeline</a></p>\n<p>下面以 <code>数据区域缩放组件</code> <a href=\"option.html#dataZoom\" target=\"_blank\">dataZoom</a> 为例，介绍如何加入这种组件。</p>\n<p><br></p>\n<h2>数据区域缩放组件（dataZoom）介绍</h2>\n\n<p>『概览数据整体，按需关注数据细节』是数据可视化的基本交互需求。<code>dataZoom</code> 组件能够在直角坐标系（<a href=\"option.html#grid\" target=\"_blank\">grid</a>）、极坐标系（<a href=\"option.html#polar\" target=\"_blank\">polar</a>）中实现这一功能。</p>\n<p><strong>如下例子：</strong></p>\n<iframe data-src=\"http://echarts.baidu.com/gallery/view.html?c=doc-example/scatter-dataZoom-all&edit=1&reset=1\" width=\"600\" height=\"400\" ></iframe>\n\n\n<p><br></p>\n<ul>\n<li><code>dataZoom</code> 组件是对 <code>数轴（axis）</code> 进行『数据窗口缩放』『数据窗口平移』操作。</li>\n</ul>\n<blockquote>\n<p>可以通过 <a href=\"option.html#dataZoom.xAxisIndex\" target=\"_blank\">dataZoom.xAxisIndex</a> 或 <a href=\"option.html#dataZoom.yAxisIndex\" target=\"_blank\">dataZoom.yAxisIndex</a> 或 <a href=\"option.html#dataZoom.radiusAxisIndex\" target=\"_blank\">dataZoom.radiusAxisIndex</a> 或 <a href=\"option.html#dataZoom.angleAxisIndex\" target=\"_blank\">dataZoom.angleAxisIndex</a> 来指定 <code>dataZoom</code> 控制哪个或哪些数轴。</p>\n</blockquote>\n<ul>\n<li><p><code>dataZoom</code> 组件可同时存在多个，起到共同控制的作用。控制同一个数轴的组件，会自动联动。下面例子中会详细说明。</p>\n</li>\n<li><p><code>dataZoom</code> 的运行原理是通过『数据过滤』来达到『数据窗口缩放』的效果。</p>\n<p>  数据过滤模式的设置不同，效果也不同，参见：<a href=\"option.html#dataZoom.filterMode\" target=\"_blank\">dataZoom.filterMode</a>。</p>\n</li>\n<li><p><code>dataZoom</code> 的数据窗口范围的设置，目前支持两种形式：</p>\n<ul>\n<li><p>百分比形式：参见 <a href=\"option.html#dataZoom.start\" target=\"_blank\">dataZoom.start</a> 和 <a href=\"option.html#dataZoom.end\" target=\"_blank\">dataZoom.end</a>。</p>\n</li>\n<li><p>绝对数值形式：参见 <a href=\"option.html#dataZoom.startValue\" target=\"_blank\">dataZoom.startValue</a> 和 <a href=\"option.html#dataZoom.endValue\" target=\"_blank\">dataZoom.endValue</a>。</p>\n</li>\n</ul>\n</li>\n</ul>\n<p><strong>dataZoom 组件现在支持几种子组件：</strong></p>\n<ul>\n<li><p><a href=\"option.html#dataZoom-inside\" target=\"_blank\">内置型数据区域缩放组件（dataZoomInside）</a>：内置于坐标系中。</p>\n</li>\n<li><p><a href=\"option.html#dataZoom-slider\" target=\"_blank\">滑动条型数据区域缩放组件（dataZoomSlider）</a>：有单独的滑动条操作。</p>\n</li>\n<li><p><a href=\"option.html#toolbox.feature.dataZoom\" target=\"_blank\">框选型数据区域缩放组件（dataZoomSelect）</a>：全屏的选框进行数据区域缩放。入口和配置项均在 <code>toolbox</code>中。</p>\n</li>\n</ul>\n<p><br></p>\n<h2>在代码加入 dataZoom 组件</h2>\n\n<p>先只在对单独一个横轴，加上 dataZoom 组件，代码示例如下：</p>\n<pre><code class=\"lang-javascript\">\noption = {\n    xAxis: {\n        type: &#39;value&#39;\n    },\n    yAxis: {\n        type: &#39;value&#39;\n    },\n    dataZoom: [\n        {   // 这个dataZoom组件，默认控制x轴。\n            type: &#39;slider&#39;, // 这个 dataZoom 组件是 slider 型 dataZoom 组件\n            start: 10,      // 左边在 10% 的位置。\n            end: 60         // 右边在 60% 的位置。\n        }\n    ],\n    series: [\n        {\n            type: &#39;scatter&#39;, // 这是个『散点图』\n            itemStyle: {\n                normal: {\n                    opacity: 0.8\n                }\n            },\n            symbolSize: function (val) {\n                return val[2] * 40;\n            },\n            data: [[&quot;14.616&quot;,&quot;7.241&quot;,&quot;0.896&quot;],[&quot;3.958&quot;,&quot;5.701&quot;,&quot;0.955&quot;],[&quot;2.768&quot;,&quot;8.971&quot;,&quot;0.669&quot;],[&quot;9.051&quot;,&quot;9.710&quot;,&quot;0.171&quot;],[&quot;14.046&quot;,&quot;4.182&quot;,&quot;0.536&quot;],[&quot;12.295&quot;,&quot;1.429&quot;,&quot;0.962&quot;],[&quot;4.417&quot;,&quot;8.167&quot;,&quot;0.113&quot;],[&quot;0.492&quot;,&quot;4.771&quot;,&quot;0.785&quot;],[&quot;7.632&quot;,&quot;2.605&quot;,&quot;0.645&quot;],[&quot;14.242&quot;,&quot;5.042&quot;,&quot;0.368&quot;]]\n        }\n    ]\n}\n</code></pre>\n<p>可以看到如下结果：</p>\n<iframe data-src=\"http://echarts.baidu.com/gallery/view.html?c=doc-example/scatter-tutorial-dataZoom-1&edit=1&reset=1\" width=\"600\" height=\"300\" ></iframe>\n\n\n<p><br></p>\n<p>上面的图只能拖动 dataZoom 组件导致窗口变化。如果想在坐标系内进行拖动，以及用滚轮（或移动触屏上的两指滑动）进行缩放，那么要再加上一个 inside 型的 dataZoom组件。直接在上面的 <code>option.dataZoom</code> 中增加即可：</p>\n<pre><code class=\"lang-javascript\">option = {\n    ...,\n    dataZoom: [\n        {   // 这个dataZoom组件，默认控制x轴。\n            type: &#39;slider&#39;, // 这个 dataZoom 组件是 slider 型 dataZoom 组件\n            start: 10,      // 左边在 10% 的位置。\n            end: 60         // 右边在 60% 的位置。\n        },\n        {   // 这个dataZoom组件，也控制x轴。\n            type: &#39;inside&#39;, // 这个 dataZoom 组件是 inside 型 dataZoom 组件\n            start: 10,      // 左边在 10% 的位置。\n            end: 60         // 右边在 60% 的位置。\n        }\n    ],\n    ...\n}\n</code></pre>\n<p>可以看到如下结果（能在坐标系中进行滑动，以及使用滚轮缩放了）：</p>\n<iframe data-src=\"http://echarts.baidu.com/gallery/view.html?c=doc-example/scatter-tutorial-dataZoom-2&edit=1&reset=1\" width=\"600\" height=\"300\" ></iframe>\n\n\n\n<p><br></p>\n<p>如果想 y轴 也能够缩放，那么在y轴上也加上 dataZoom组件：</p>\n<pre><code class=\"lang-javascript\">option = {\n    ...,\n    dataZoom: [\n        {\n            type: &#39;slider&#39;,\n            xAxisIndex: 0,\n            start: 10,\n            end: 60\n        },\n        {\n            type: &#39;inside&#39;,\n            xAxisIndex: 0,\n            start: 10,\n            end: 60\n        },\n        {\n            type: &#39;slider&#39;,\n            yAxisIndex: 0,\n            start: 30,\n            end: 80\n        },\n        {\n            type: &#39;inside&#39;,\n            yAxisIndex: 0,\n            start: 30,\n            end: 80\n        }\n    ],\n    ...\n}\n</code></pre>\n<p>可以看到如下结果：</p>\n<iframe data-src=\"http://echarts.baidu.com/gallery/view.html?c=doc-example/scatter-tutorial-dataZoom-3&edit=1&reset=1\" width=\"600\" height=\"300\" ></iframe>\n\n\n\n\n\n\n"
      },
      "移动端自适应": {
        "type": [
          "*"
        ],
        "descriptionCN": "<p>ECharts 工作在用户指定高宽的 dom 节点（容器）中，ECharts 的『组件』和『系列』都在这个 dom 节点中，每个节点都可以由用户指定位置。图表库内部并不适宜实现 dom 文档流布局，而是实现简单容易理解的类似绝对布局。但是有时候容器尺寸极端时，这种方式并不能自动避免组件重叠的情况，尤其在移动端小屏的情况下。</p>\n<p>另外，有时会出现一个图表需要同时在PC、移动端上展现的场景。这需要ECharts 内部组件随着容器尺寸变化而变化的能力。</p>\n<p>为了解决这个问题，ECharts 完善了组件的定位设置，并且实现了类似 <a href=\"http://www.w3.org/TR/css3-mediaqueries/\" target=\"_blank\">CSS Media Query</a> 的自适应能力。</p>\n<p><br></p>\n<h2>ECharts组件的定位和布局</h2>\n\n\n<p>大部分『组件』和『系列』会遵循两种定位方式：</p>\n<p><br>\n<strong>left/right/top/bottom/width/height 定位方式：</strong></p>\n<p>这六个量中，每个量都可以是『绝对值』或者『百分比』或者『位置描述』。</p>\n<ul>\n<li><p>绝对值</p>\n<p>  单位是浏览器像素（px），用 <code>number</code> 形式书写（不写单位）。例如 <code>{left: 23, height: 400}</code>。</p>\n</li>\n<li><p>百分比</p>\n<p>  表示占 dom 容器高宽的百分之多少，用 <code>string</code> 形式书写。例如 <code>{right: &#39;30%&#39;, bottom: &#39;40%&#39;}</code>。</p>\n</li>\n<li><p>位置描述</p>\n<ul>\n<li>可以设置 <code>left: &#39;center&#39;</code>，表示水平居中。</li>\n<li>可以设置 <code>top: &#39;middle&#39;</code>，表示垂直居中。</li>\n</ul>\n</li>\n</ul>\n<p>这六个量的概念，和 css 中六个量的概念类似：</p>\n<ul>\n<li>left：距离 dom 容器左边界的距离。</li>\n<li>right：距离 dom 容器右边界的距离。</li>\n<li>top：距离 dom 容器上边界的距离。</li>\n<li>bottom：距离 dom 容器下边界的距离。</li>\n<li>width：宽度。</li>\n<li>height：高度。</li>\n</ul>\n<p>在横向，<code>left</code>、<code>right</code>、<code>width</code> 三个量中，只需两个量有值即可，因为任两个量可以决定组件的位置和大小，例如 <code>left</code> 和 <code>right</code> 或者 <code>right</code> 和 <code>width</code> 都可以决定组件的位置和大小。\n纵向，<code>top</code>、<code>bottom</code>、<code>height</code> 三个量，和横向类同不赘述。</p>\n<p><br>\n<strong>center/radius 定位方式：</strong></p>\n<ul>\n<li><p><code>center</code></p>\n<p>  是一个数组，表示 <code>[x, y]</code>，其中，x、y可以是『绝对值』或者『百分比』，含义和前述相同。</p>\n</li>\n<li><p><code>radius</code></p>\n<p>  是一个数组，表示 <code>[内半径, 外半径]</code>，其中，内外半径可以是『绝对值』或者『百分比』，含义和前述相同。</p>\n<p>  在自适应容器大小时，百分比设置是很有用的。</p>\n</li>\n</ul>\n<p><br>\n<strong>横向（horizontal）和纵向（vertical）</strong></p>\n<p>ECharts的『外观狭长』型的组件（如 <code>legend</code>、<code>visualMap</code>、<code>dataZoom</code>、<code>timeline</code>等），大多提供了『横向布局』『纵向布局』的选择。例如，在细长的移动端屏幕上，可能适合使用『纵向布局』；在PC宽屏上，可能适合使用『横向布局』。</p>\n<p>横纵向布局的设置，一般在『组件』或者『系列』的 <code>orient</code> 或者 <code>layout</code> 配置项上，设置为 <code>&#39;horizontal&#39;</code> 或者 <code>&#39;vertical&#39;</code>。</p>\n<p><br>\n<strong>于 ECharts2 的兼容：</strong></p>\n<p>ECharts2 中的 <code>x/x2/y/y2</code> 的命名方式仍被兼容，对应于 <code>left/right/top/bottom</code>。但是建议写 <code>left/right/top/bottom</code>。</p>\n<p>位置描述中，为兼容 ECharts2，可以支持一些看起来略奇怪的设置：<code>left: &#39;right&#39;</code>、<code>left: &#39;left&#39;</code>、<code>top: &#39;bottom&#39;</code>、<code>top: &#39;top&#39;</code>。这些语句分别等效于：<code>right: 0</code>、<code>left: 0</code>、<code>bottom: 0</code>、<code>top: 0</code>，写成后者就不奇怪了。</p>\n<p><br></p>\n<h2>Media Query</h2>\n\n<p><a href=\"http://www.w3.org/TR/css3-mediaqueries/#media1\" target=\"_blank\">Media Query</a> 提供了『随着容器尺寸改变而改变』的能力。</p>\n<p>如下例子，可尝试拖动<strong>右下角的圆点</strong>，随着尺寸变化，legend 和 系列 会自动改变布局位置和方式。</p>\n<iframe data-src=\"http://echarts.baidu.com/gallery/view.html?c=doc-example/pie-media&edit=1&reset=1\" width=\"750\" height=\"600\" ></iframe>\n\n\n<p>要在 option 中设置 Media Query 须遵循如下框架格式：</p>\n<pre><code class=\"lang-javascript\">option = {\n    baseOption: { // 这里是基本的『原子option』。\n        title: {...},\n        legend: {...},\n        series: [{...}, {...}, ...],\n        ...\n    },\n    media: [ // 这里定义了 media query 的逐条规则。\n        {\n            query: {...},   // 这里写规则。\n            option: {       // 这里写此规则满足下的option。\n                legend: {...},\n                ...\n            }\n        },\n        {\n            query: {...},   // 第二个规则。\n            option: {       // 第二个规则对应的option。\n                legend: {...},\n                ...\n            }\n        },\n        {                   // 这条里没有写规则，表示『默认』，\n            option: {       // 即所有规则都不满足时，采纳这个option。\n                legend: {...},\n                ...\n            }\n        }\n    ]\n};\n</code></pre>\n<p>上面的例子框架中，<code>baseOption</code>、以及 <code>media</code> 每个 option 都是『原子option』，即普通的含有各组件、系列定义的option。<code>baseOption</code> 是必然被使用的，此外，满足了某个 <code>query</code> 条件时，对应的 option 会被使用 chart.mergeOption() 来 merge 进去。</p>\n<p><strong>query：</strong></p>\n<p>每个 <code>query</code> 类似于这样：</p>\n<pre><code class=\"lang-javascript\">{\n    minWidth: 200,\n    maxHeight: 300,\n    minAspectRatio: 1.3\n}\n</code></pre>\n<p>现在支持三个属性：<code>width</code>、<code>height</code>、<code>aspectRatio</code>（长宽比）。每个属性都可以加上 <code>min</code> 或 <code>max</code> 前缀。比如，<code>minWidth: 200</code> 表示『大于等于200px宽度』。两个属性一起写表示『并且』，比如：<code>{minWidth: 200, maxHeight: 300}</code> 表示『大于等于200px宽度，并且小于等于300px高度』。</p>\n<p><strong>option：</strong></p>\n<p><code>media</code>中的option既然是『原子option』，理论上可以写任何option的配置项。但是一般我们只写跟布局定位相关的，例如截取上面例子中的一部分 query option：</p>\n<pre><code class=\"lang-javascript\">media: [\n    ...,\n    {\n        query: {\n            maxAspectRatio: 1           // 当长宽比小于1时。\n        },\n        option: {\n            legend: {                   // legend 放在底部中间。\n                right: &#39;center&#39;,\n                bottom: 0,\n                orient: &#39;horizontal&#39;    // legend 横向布局。\n            },\n            series: [                   // 两个饼图左右布局。\n                {\n                    radius: [20, &#39;50%&#39;],\n                    center: [&#39;50%&#39;, &#39;30%&#39;]\n                },\n                {\n                    radius: [30, &#39;50%&#39;],\n                    center: [&#39;50%&#39;, &#39;70%&#39;]\n                }\n            ]\n        }\n    },\n    {\n        query: {\n            maxWidth: 500               // 当容器宽度小于 500 时。\n        },\n        option: {\n            legend: {\n                right: 10,              // legend 放置在右侧中间。\n                top: &#39;15%&#39;,\n                orient: &#39;vertical&#39;      // 纵向布局。\n            },\n            series: [                   // 两个饼图上下布局。\n                {\n                    radius: [20, &#39;50%&#39;],\n                    center: [&#39;50%&#39;, &#39;30%&#39;]\n                },\n                {\n                    radius: [30, &#39;50%&#39;],\n                    center: [&#39;50%&#39;, &#39;75%&#39;]\n                }\n            ]\n        }\n    },\n    ...\n]\n</code></pre>\n<p><strong>多个 query 被满足时的优先级：</strong></p>\n<p>注意，可以有多个 <code>query</code> 同时被满足，会都被 mergeOption，定义在后的后被 merge（即优先级更高）。</p>\n<p><strong>默认 query：</strong></p>\n<p>如果 <code>media</code> 中有某项不写 <code>query</code>，则表示『默认值』，即所有规则都不满足时，采纳这个option。</p>\n<p><strong>容器大小实时变化时的注意：</strong></p>\n<p>在不少情况下，并不需要容器dom节点任意随着拖拽变化大小，而是只是根据不同终端设置几个典型尺寸。</p>\n<p>但是如果容器dom节点需要能任意随着拖拽变化大小，那么目前使用时需要注意这件事：某个配置项，如果在某一个 <code>query option</code> 中出现，那么在其他 <code>query option</code> 中也必须出现，否则不能够回归到原来的状态。（<code>left/right/top/bottom/width/height</code> 不受这个限制。）</p>\n<p><br>\n最后看一个和时间轴结合的例子：</p>\n<iframe data-src=\"http://echarts.baidu.com/gallery/view.html?c=doc-example/bar-media-timeline&edit=1&reset=1\" width=\"750\" height=\"700\" ></iframe>\n\n\n\n\n\n"
      },
      "数据的视觉映射": {
        "type": [
          "*"
        ],
        "descriptionCN": "<p>数据可视化是 <strong>数据</strong> 到 <strong>视觉元素</strong> 的映射过程（这个过程也可称为视觉编码，视觉元素也可称为视觉通道）。</p>\n<p>ECharts 的每种图表本身就内置了这种映射过程，比如折线图把数据映射到『线』，柱状图把数据映射到『长度』。一些更复杂的图表，如 <code>graph</code>、<code>事件河流图</code>、<code>treemap</code> 也都会做出他们内置的映射。</p>\n<p>此外，ECharts 还提供了 <a href=\"option.html#visualMap\" target=\"_blank\">viusalMap 组件</a> 来提供通用的视觉映射。<code>visualMap</code> 组件中可以使用的视觉元素有：<br>\n<code>图形类别（symbol）</code>、<code>图形大小（symbolSize）</code><br>\n<code>颜色（color）</code>、<code>颜色透明度（colorAlpha）</code>、<br>\n<code>颜色明暗度（colorLightness）</code>、<code>颜色饱和度（colorSaturation）</code>、<code>色调（colorHue）</code></p>\n<p>下面对 <code>visualMap</code> 组件的使用方式进行简要的介绍。</p>\n<p><br></p>\n<h2>数据和维度</h2>\n\n<p>ECharts中的数据，一般存放于 <a href=\"option.html#series.data\" target=\"_blank\">series.data</a> 中。根据图表类型不同，数据的具体形式也可能有些许差异。比如可能是『线性表』、『树』、『图』等。但他们都有个共性：都是『数据项（dataItem）』的集合。每个数据项含有『数据值（value）』和其他信息（如果需要的话）。每个数据值，可以是单一的数值（一维）或者一个数组（多维）。</p>\n<p>例如，<a href=\"option.html#series.data\" target=\"_blank\">series.data</a> 最常见的形式，是『线性表』，即一个普通数组：</p>\n<pre><code class=\"lang-javascript\">series: {\n    data: [\n        {       // 这里每一个项就是数据项（dataItem）\n            value: 2323, // 这是数据项的数据值（value）\n            itemStyle: {...}\n        },\n        1212,   // 也可以直接是 dataItem 的 value，这更常见。\n        2323,   // 每个 value 都是『一维』的。\n        4343,\n        3434\n    ]\n}\n</code></pre>\n<pre><code class=\"lang-javascript\">series: {\n    data: [\n        {                        // 这里每一个项就是数据项（dataItem）\n            value: [3434, 129,  &#39;圣马力诺&#39;], // 这是数据项的数据值（value）\n            itemStyle: {...}\n        },\n        [1212, 5454, &#39;梵蒂冈&#39;],   // 也可以直接是 dataItem 的 value，这更常见。\n        [2323, 3223, &#39;瑙鲁&#39;],     // 每个 value 都是『三维』的，每列是一个维度。\n        [4343, 23,   &#39;图瓦卢&#39;]    // 假如是『气泡图』，常见第一维度映射到x轴，\n                                 // 第二维度映射到y轴，\n                                 // 第三维度映射到气泡半径（symbolSize）\n    ]\n}\n</code></pre>\n<p>在图表中，往往默认把 value 的前一两个维度进行映射，比如取第一个维度映射到x轴，取第二个维度映射到y轴。如果想要把更多的维度展现出来，可以借助 <code>visualMap</code> 。最常见的情况，<a href=\"option.html#scatter\" target=\"_blank\">气泡图（scatter）</a> 使用半径展现了第三个维度。</p>\n<p><br></p>\n<h2>visualMap 组件</h2>\n\n<p>visualMap 组件定义了把数据的『哪个维度』映射到『什么视觉元素上』。</p>\n<p>现在提供如下两种类型的visualMap组件，通过 <a href=\"option.html#visualMap.type\" target=\"_blank\">visualMap.type</a> 来区分。</p>\n<p>其定义结构例如：</p>\n<pre><code class=\"lang-javascript\">option = {\n    visualMap: [ // 可以同时定义多个 visualMap 组件。\n        { // 第一个 visualMap 组件\n            type: &#39;continuous&#39;, // 定义为连续型 viusalMap\n            ...\n        },\n        { // 第二个 visualMap 组件\n            type: &#39;piecewise&#39;, // 定义为分段型 visualMap\n            ...\n        }\n    ],\n    ...\n};\n</code></pre>\n<p><br>\n<a href=\"option.html#visualMap-continuous\" target=\"_blank\">连续型（visualMapContinuous）</a>：</p>\n<iframe data-src=\"http://echarts.baidu.com/gallery/view.html?c=doc-example/map-visualMap-continuous&edit=1&reset=1\" width=\"600\" height=\"400\" ></iframe>\n\n\n<p><a href=\"option.html#visualMap-piecewise\" target=\"_blank\">分段型（visualMapPiecewise）</a>：</p>\n<iframe data-src=\"http://echarts.baidu.com/gallery/view.html?c=doc-example/scatter-visualMap-piecewise&edit=1&reset=1\" width=\"600\" height=\"400\" ></iframe>\n\n\n<p><br>\n分段型视觉映射组件（visualMapPiecewise），有三种模式：</p>\n<ul>\n<li>连续型数据平均分段: 依据 <a href=\"option.html#visualMap-piecewise.splitNumber\" target=\"_blank\">visualMap-piecewise.splitNumber</a> 来自动平均分割成若干块。</li>\n<li>连续型数据自定义分段: 依据 <a href=\"option.html#visualMap-piecewise.pieces\" target=\"_blank\">visualMap-piecewise.pieces</a> 来定义每块范围。</li>\n<li>离散数据（类别性数据）: 类别定义在 <a href=\"option.html#visualMap-piecewise.categories\" target=\"_blank\">visualMap-piecewise.categories</a> 中。</li>\n</ul>\n<p><br>\n<strong>视觉映射方式的配置</strong></p>\n<p>既然是『数据』到『视觉元素』的映射，<code>visualMap</code> 中可以指定数据的『哪个维度』（参见<a href=\"#visualMap.dimension\">visualMap.dimension</a>）映射到哪些『视觉元素』（参见 <a href=\"option.html#visualMap.inRange\" target=\"_blank\">visualMap.inRange</a> 和 <a href=\"option.html#visualMap.outOfRange\" target=\"_blank\">visualMap.outOfRange</a>）中。</p>\n<p>例一：</p>\n<pre><code class=\"lang-javascript\">option = {\n    visualMap: [\n        {\n            type: &#39;piecewise&#39;\n            min: 0,\n            max: 5000,\n            dimension: 3,       // series.data 的第四个维度（即 value[3]）被映射\n            seriesIndex: 4,     // 对第四个系列进行映射。\n            inRange: {          // 选中范围中的视觉配置\n                color: [&#39;blue&#39;, &#39;#121122&#39;, &#39;red&#39;], // 定义了图形颜色映射的颜色列表，\n                                                    // 数据最小值映射到&#39;blue&#39;上，\n                                                    // 最大值映射到&#39;red&#39;上，\n                                                    // 其余自动线性计算。\n                symbolSize: [30, 100]               // 定义了图形尺寸的映射范围，\n                                                    // 数据最小值映射到30上，\n                                                    // 最大值映射到100上，\n                                                    // 其余自动线性计算。\n            },\n            outOfRange: {       // 选中范围外的视觉配置\n                symbolSize: [30, 100]\n            }\n        },\n        ...\n    ]\n};\n</code></pre>\n<p>例二：</p>\n<pre><code class=\"lang-javascript\">option = {\n    visualMap: [\n        {\n            ...,\n            inRange: {          // 选中范围中的视觉配置\n                colorLightness: [0.2, 1], // 映射到明暗度上。也就是对本来的颜色进行明暗度处理。\n                                          // 本来的颜色可能是从全局色板中选取的颜色，visualMap组件并不关心。\n                symbolSize: [30, 100]\n            },\n            ...\n        },\n        ...\n    ]\n};\n</code></pre>\n<p>更多详情，参见 参见<a href=\"option.html#visualMap.inRange\" target=\"_blank\">visualMap.inRange</a> 和 <a href=\"option.html#visualMap.outOfRange\" target=\"_blank\">visualMap.outOfRange</a>。</p>\n"
      }
    }
  }
}